decision_id	authority	planned_checkpoint
EQM-001	docs/specification/naming-and-no-compat.md	step_003
EQM-002	docs/specification/naming-and-no-compat.md	step_005
EQM-003	docs/specification/schema-inventory.md	step_010
EQM-004	docs/specification/architecture.md	step_003
EQM-005	docs/specification/manifest-contracts.md	step_081
EQM-006	docs/specification/manifest-contracts.md	step_043
EQM-007	docs/specification/architecture.md	step_003
EQM-008	docs/specification/schema-inventory.md	step_034
EQM-009	docs/specification/schema-inventory.md	step_041
EQM-010	docs/specification/schema-inventory.md	step_045
EQM-011	docs/specification/product.md	step_120
EQM-012	docs/specification/product.md	step_121
EQM-013	docs/specification/product.md	step_134
EQM-014	docs/specification/evaluation.md	step_070
EQM-015	docs/specification/evaluation.md	step_069
EQM-016	docs/specification/product.md	step_019
EQM-017	docs/specification/manifest-contracts.md	step_059
EQM-018	docs/specification/manifest-contracts.md	step_024
EQM-019	docs/specification/manifest-contracts.md	step_047
EQM-020	docs/specification/evaluation.md	step_063
EQM-021	docs/specification/manifest-contracts.md	step_022
EQM-022	docs/specification/vocabularies.md	step_058
EQM-023	docs/specification/vocabularies.md	step_011
EQM-024	docs/specification/vocabularies.md	step_011
EQM-025	docs/specification/vocabularies.md	step_042
EQM-026	docs/specification/security-and-limits.md	step_012
EQM-027	docs/specification/security-and-limits.md	step_044
EQM-028	docs/specification/manifest-contracts.md	step_042
EQM-029	docs/specification/schema-inventory.md	step_041
EQM-030	docs/specification/schema-inventory.md	step_045
EQM-031	docs/specification/schema-inventory.md	step_044
EQM-032	docs/specification/manifest-contracts.md	step_051
EQM-033	docs/specification/manifest-contracts.md	step_045
EQM-034	docs/specification/vocabularies.md	step_014
EQM-035	docs/specification/canonicalization.md	step_054
EQM-036	docs/specification/canonicalization.md	step_052
EQM-037	docs/specification/vocabularies.md	step_016
EQM-038	docs/specification/evaluation.md	step_063
EQM-039	docs/specification/evaluation.md	step_060
EQM-040	docs/specification/canonicalization.md	step_052
EQM-041	docs/specification/manifest-contracts.md	step_059
EQM-042	docs/specification/evaluation.md	step_061
EQM-043	docs/specification/security-and-limits.md	step_062
EQM-044	docs/specification/evaluation.md	step_062
EQM-045	docs/specification/evaluation.md	step_061
EQM-046	docs/specification/vocabularies.md	step_063
EQM-047	docs/specification/evaluation.md	step_069
EQM-048	docs/specification/evaluation.md	step_068
EQM-049	docs/specification/evaluation.md	step_065
EQM-050	docs/specification/vocabularies.md	step_037
EQM-051	docs/specification/evaluation.md	step_065
EQM-052	docs/specification/evaluation.md	step_067
EQM-053	docs/specification/evaluation.md	step_067
EQM-054	docs/specification/security-and-limits.md	step_066
EQM-055	docs/specification/evaluation.md	step_066
EQM-056	docs/specification/evaluation.md	step_066
EQM-057	docs/specification/evaluation.md	step_066
EQM-058	docs/specification/protocol.md	step_081
EQM-059	docs/specification/protocol.md	step_105
EQM-060	docs/specification/security-and-limits.md	step_083
EQM-061	docs/specification/security-and-limits.md	step_047
EQM-062	docs/specification/security-and-limits.md	step_077
EQM-063	docs/specification/security-and-limits.md	step_078
EQM-064	docs/specification/vocabularies.md	step_077
EQM-065	docs/specification/security-and-limits.md	step_079
EQM-066	docs/specification/security-and-limits.md	step_082
EQM-067	docs/specification/security-and-limits.md	step_079
EQM-068	docs/specification/security-and-limits.md	step_084
EQM-069	docs/specification/protocol.md	step_080
EQM-070	docs/specification/security-and-limits.md	step_085
EQM-071	docs/specification/manifest-contracts.md	step_051
EQM-072	docs/specification/protocol.md	step_085
EQM-073	docs/specification/protocol.md	step_088
EQM-074	docs/specification/evaluation.md	step_086
EQM-075	docs/specification/evaluation.md	step_071
EQM-076	docs/specification/security-and-limits.md	step_086
EQM-077	docs/specification/protocol.md	step_086
EQM-078	docs/specification/evaluation.md	step_071
EQM-079	docs/specification/security-and-limits.md	step_072
EQM-080	docs/specification/protocol.md	step_072
EQM-081	docs/specification/evaluation.md	step_071
EQM-082	docs/specification/evaluation.md	step_072
EQM-083	docs/specification/evaluation.md	step_073
EQM-084	docs/specification/evaluation.md	step_074
EQM-085	docs/specification/evaluation.md	step_066
EQM-086	docs/specification/schema-inventory.md	step_051
EQM-087	docs/specification/cli.md	step_091
EQM-088	docs/specification/cli.md	step_109
EQM-089	docs/specification/cli.md	step_091
EQM-090	docs/specification/cli.md	step_092
EQM-091	docs/specification/cli.md	step_092
EQM-092	docs/specification/protocol.md	step_033
EQM-093	docs/specification/cli.md	step_091
EQM-094	docs/specification/cli.md	step_092
EQM-095	docs/specification/protocol.md	step_040
EQM-096	docs/specification/protocol.md	step_033
EQM-097	docs/specification/security-and-limits.md	step_125
EQM-098	docs/specification/security-and-limits.md	step_125
EQM-099	docs/specification/cli.md	step_097
EQM-100	docs/specification/protocol.md	step_112
EQM-101	docs/specification/protocol.md	step_115
EQM-102	docs/specification/cli.md	step_116
EQM-103	docs/specification/architecture.md	step_003
EQM-104	docs/specification/architecture.md	step_004
EQM-105	docs/specification/architecture.md	step_003
EQM-106	docs/specification/architecture.md	step_112
EQM-107	docs/specification/architecture.md	step_128
EQM-108	docs/specification/acceptance.md	step_123
EQM-109	docs/specification/architecture.md	step_011
EQM-110	docs/specification/architecture.md	step_079
EQM-111	docs/specification/architecture.md	step_035
EQM-112	docs/specification/canonicalization.md	step_123
EQM-113	docs/specification/acceptance.md	step_134
EQM-114	docs/specification/security-and-limits.md	step_130
EQM-115	docs/specification/architecture.md	step_123
EQM-116	docs/specification/acceptance.md	step_128
EQM-117	docs/specification/security-and-limits.md	step_125
EQM-118	docs/specification/security-and-limits.md	step_062
EQM-119	docs/specification/security-and-limits.md	step_124
EQM-120	docs/specification/security-and-limits.md	step_125
EQM-121	docs/specification/security-and-limits.md	step_111
EQM-122	docs/specification/security-and-limits.md	step_125
EQM-123	docs/specification/security-and-limits.md	step_130
EQM-124	docs/specification/security-and-limits.md	step_128
EQM-125	docs/specification/acceptance.md	step_132
EQM-126	docs/specification/acceptance.md	step_128
EQM-127	docs/specification/acceptance.md	step_117
EQM-128	docs/specification/canonicalization.md	step_055
EQM-129	docs/specification/protocol.md	step_122
EQM-130	docs/specification/evaluation.md	step_123
EQM-131	docs/specification/security-and-limits.md	step_125
EQM-132	docs/specification/protocol.md	step_119
EQM-133	docs/specification/acceptance.md	step_131
EQM-134	docs/specification/acceptance.md	step_131
EQM-135	docs/specification/security-and-limits.md	step_126
EQM-136	docs/specification/acceptance.md	step_134
EQM-137	docs/specification/cli.md	step_128
EQM-138	docs/specification/decision-register.md	step_129
EQM-139	docs/specification/product.md	step_121
EQM-140	docs/specification/product.md	step_133
